City_ID,City,Country,Lat,Lng,Max Temp,Humidity,Cloudiness,Wind Speed,Current Description
0,Avarua,CK,-21.2078,-159.775,73.45,73,40,6.91,light rain
1,Bredasdorp,ZA,-34.5322,20.0403,66.27,72,100,10.36,overcast clouds
2,Bluff,NZ,-46.6,168.3333,51.12,66,86,22.32,overcast clouds
3,Rikitea,PF,-23.1203,-134.9692,74.03,88,100,18.88,moderate rain
4,Albany,US,42.6001,-73.9662,56.8,95,100,1.01,overcast clouds
5,Torbay,CA,47.6666,-52.7314,45.27,95,90,12.66,mist
6,Hilo,US,19.7297,-155.09,81.28,77,20,6.91,few clouds
7,Vaini,TO,-21.2,-175.2,69.96,94,20,3.44,few clouds
8,Ushuaia,AR,-54.8,-68.3,49.66,62,0,0.0,clear sky
9,Acapulco,MX,16.8634,-99.8901,76.82,83,40,4.61,scattered clouds
10,Kodiak,US,57.79,-152.4072,43.95,92,100,28.25,light rain
11,Cape Town,ZA,-33.9258,18.4232,73.09,57,0,1.99,clear sky
12,Punta Arenas,CL,-53.15,-70.9167,48.31,57,0,9.22,clear sky
13,Sibu,MY,2.3,111.8167,79.11,94,40,4.61,scattered clouds
14,Te Anau,NZ,-45.4167,167.7167,37.38,91,59,0.81,broken clouds
15,Mar Del Plata,AR,-38.0023,-57.5575,59.09,81,90,1.99,light rain
16,Tilichiki,RU,60.4667,166.1,-5.84,97,18,11.16,few clouds
17,Mataura,NZ,-46.1927,168.8643,42.42,78,81,4.41,broken clouds
18,Catalina,US,32.5056,-110.9211,65.59,40,77,4.07,broken clouds
19,Hobart,AU,-42.8794,147.3294,53.46,64,100,4.0,overcast clouds
20,Inta,RU,66.0317,60.1659,11.48,81,92,8.99,overcast clouds
21,Upernavik,GL,72.7868,-56.1549,33.06,98,100,16.08,light snow
22,Bambous Virieux,MU,-20.3428,57.7575,76.21,78,40,3.44,scattered clouds
23,New Norfolk,AU,-42.7826,147.0587,53.1,58,100,8.01,overcast clouds
24,Hermanus,ZA,-34.4187,19.2345,70.9,85,100,10.31,overcast clouds
25,Yar-Sale,RU,66.8333,70.8333,2.39,88,12,6.6,few clouds
26,Nadym,RU,65.5333,72.5167,2.25,93,7,9.73,clear sky
27,Airai,TL,-8.9266,125.4092,62.22,89,93,1.28,overcast clouds
28,Butaritari,KI,3.0707,172.7902,81.27,77,16,9.06,light rain
29,Port Elizabeth,ZA,-33.918,25.5701,70.09,78,0,19.57,clear sky
30,Bethel,US,41.3712,-73.414,60.55,90,75,4.0,broken clouds
31,Tasiilaq,GL,65.6145,-37.6368,26.76,69,100,3.53,overcast clouds
32,Ribeira Grande,PT,38.5167,-28.7,68.4,94,75,12.66,broken clouds
33,Atuona,PF,-9.8,-139.0333,79.83,67,93,13.29,overcast clouds
34,Slave Lake,CA,55.2834,-114.769,22.98,74,1,4.61,clear sky
35,Meulaboh,ID,4.1363,96.1285,77.81,86,100,2.3,overcast clouds
36,Nome,US,64.5011,-165.4064,21.27,69,1,8.05,clear sky
37,Arraial Do Cabo,BR,-22.9661,-42.0278,75.16,83,75,13.8,light rain
38,Beringovskiy,RU,63.05,179.3167,6.69,92,100,15.93,light snow
39,Quelimane,MZ,-17.8786,36.8883,82.35,69,40,18.41,scattered clouds
40,Havelock,US,34.8791,-76.9013,62.55,85,40,12.66,scattered clouds
41,Jamestown,US,42.097,-79.2353,49.59,96,90,4.0,mist
42,Menongue,AO,-14.6585,17.691,80.04,46,74,6.42,broken clouds
43,Mehamn,NO,71.0357,27.8492,35.35,76,100,12.41,overcast clouds
44,Hithadhoo,MV,-0.6,73.0833,81.73,75,100,18.25,overcast clouds
45,San Quintin,MX,30.4833,-115.95,60.85,85,48,3.47,scattered clouds
46,Cairns,AU,-16.9167,145.7667,80.55,83,75,6.91,broken clouds
47,Brownfield,US,33.1812,-102.2744,51.93,47,0,19.06,clear sky
48,Aklavik,CA,68.2191,-135.0107,29.12,93,40,4.61,scattered clouds
49,Ulaangom,MN,49.9811,92.0667,33.55,77,99,1.97,overcast clouds
50,Upata,VE,8.0086,-62.3989,83.73,60,55,3.62,broken clouds
51,Rio Gallegos,AR,-51.6226,-69.2181,59.05,25,0,6.91,clear sky
52,Bengkulu,ID,-3.8004,102.2655,78.64,85,100,3.13,overcast clouds
53,Ostrovnoy,RU,68.0531,39.5131,29.8,86,67,1.03,broken clouds
54,Clyde River,CA,70.4692,-68.5914,23.23,86,75,18.41,light snow
55,Castro,BR,-24.7911,-50.0119,61.83,92,100,9.1,overcast clouds
56,Tuktoyaktuk,CA,69.4541,-133.0374,23.0,86,75,9.22,broken clouds
57,Nanhai,CN,30.1282,111.7784,63.27,69,100,9.57,light rain
58,Linhares,BR,-19.3911,-40.0722,77.7,78,96,6.93,overcast clouds
59,Mocuba,MZ,-16.8392,36.9856,86.99,48,2,13.35,clear sky
60,Darnah,LY,32.767,22.6367,67.5,86,75,28.61,broken clouds
61,Katsuura,JP,35.1333,140.3,61.11,92,100,4.85,overcast clouds
62,Shebalino,RU,51.2917,85.6772,34.83,69,89,14.52,overcast clouds
63,Kaitangata,NZ,-46.2817,169.8464,48.88,63,83,10.49,broken clouds
64,Puerto Del Rosario,ES,28.5004,-13.8627,73.15,73,0,9.22,clear sky
65,Carnarvon,AU,-24.8667,113.6333,68.07,77,90,19.57,overcast clouds
66,Kiunga,PG,-6.1219,141.2906,73.38,99,100,1.28,heavy intensity rain
67,Puerto Escondido,MX,15.85,-97.0667,74.23,68,40,6.91,scattered clouds
68,Chachapoyas,PE,-6.2317,-77.869,66.04,66,38,2.42,light rain
69,Isangel,VU,-19.55,169.2667,75.15,84,46,6.35,scattered clouds
70,Hagi,JP,34.4,131.4167,59.86,81,54,3.91,broken clouds
71,Iskateley,RU,67.6803,53.1512,11.28,88,23,8.34,few clouds
72,Vardo,NO,70.3705,31.1107,41.5,71,100,8.77,overcast clouds
73,Saskylakh,RU,71.9167,114.0833,12.97,95,100,8.12,overcast clouds
74,Taltal,CL,-25.4,-70.4833,63.48,72,40,4.61,scattered clouds
75,Montevideo,UY,-34.8335,-56.1674,73.11,85,90,11.99,light rain
76,Saint-Philippe,RE,-21.3585,55.7679,76.59,75,33,6.08,scattered clouds
77,Cherskiy,RU,68.75,161.3,-0.02,98,100,5.03,light snow
78,Cidreira,BR,-30.1811,-50.2056,72.48,77,23,21.43,few clouds
79,Lavrentiya,RU,65.5833,-171.0,12.94,82,6,13.6,clear sky
80,Argalasti,GR,39.2333,23.2167,54.41,67,98,7.02,overcast clouds
81,Chifeng,CN,42.2683,118.9636,37.51,70,68,0.29,broken clouds
82,Lichinga,MZ,-13.3128,35.2406,87.89,33,75,12.66,broken clouds
83,Gravdal,NO,68.1214,13.5031,49.68,61,100,8.05,overcast clouds
84,Ambovombe,MG,-25.1667,46.0833,73.99,83,75,8.63,moderate rain
85,Barrow,US,71.2906,-156.7887,24.82,80,90,23.02,light snow
86,Port Hawkesbury,CA,45.6169,-61.3485,52.59,92,90,11.99,overcast clouds
87,Itoman,JP,26.1247,127.6694,73.42,75,20,6.91,few clouds
88,Broome,US,42.2506,-75.833,53.83,89,90,1.01,moderate rain
89,Thompson,CA,55.7435,-97.8558,30.36,93,75,8.05,broken clouds
90,Faanui,PF,-16.4833,-151.75,78.24,67,100,14.9,overcast clouds
91,Saldanha,ZA,-33.0117,17.9442,69.85,78,95,11.32,overcast clouds
92,Farsund,NO,58.0948,6.8047,54.95,77,78,17.56,broken clouds
93,Coihaique,CL,-45.5752,-72.0662,55.35,38,0,9.22,clear sky
94,Busselton,AU,-33.65,115.3333,54.09,80,100,6.29,overcast clouds
95,Pacific Grove,US,36.6177,-121.9166,53.51,91,90,1.01,overcast clouds
96,Alofi,NU,-19.0595,-169.9187,73.29,88,97,5.75,overcast clouds
97,Turukhansk,RU,65.8167,87.9833,9.21,97,100,4.97,overcast clouds
98,Marsa Matruh,EG,31.3525,27.2453,76.96,43,64,4.76,broken clouds
99,Kapuskasing,CA,49.4169,-82.4331,33.89,100,90,3.44,mist
100,The Valley,AI,18.217,-63.0578,87.66,70,40,12.66,scattered clouds
101,Barabai,ID,-2.5833,115.3833,74.77,97,100,2.75,overcast clouds
102,Luena,AO,-11.7833,19.9167,64.58,94,75,17.27,light rain
103,Tamworth,GB,52.634,-1.6959,56.19,79,52,11.99,broken clouds
104,Necochea,AR,-38.5473,-58.7368,55.04,70,100,11.9,overcast clouds
105,Dikson,RU,73.5069,80.5464,6.73,93,100,10.58,overcast clouds
106,Jalu,LY,29.0331,21.5482,79.57,30,11,17.27,few clouds
107,Hovd,MN,48.0056,91.6419,37.29,49,99,10.27,overcast clouds
108,Bonga,ET,7.2833,36.2333,66.51,65,62,1.77,broken clouds
109,Kerema,PG,-7.9631,145.7785,78.44,89,79,3.69,broken clouds
110,Mukhen,RU,48.1,136.1,30.45,69,1,0.51,clear sky
111,Price,US,39.5994,-110.8107,43.86,75,1,5.75,clear sky
112,Sao Filipe,CV,14.8961,-24.4956,80.53,72,84,11.95,broken clouds
113,Katobu,ID,-4.9408,122.5276,76.46,91,100,3.13,overcast clouds
114,Grand Gaube,MU,-20.0064,57.6608,76.37,74,91,4.0,overcast clouds
115,Waipawa,NZ,-41.4122,175.5153,52.45,89,59,8.39,broken clouds
116,Hun,LY,29.1268,15.9477,81.7,23,46,11.59,scattered clouds
117,Provideniya,RU,64.3833,-173.3,13.08,80,90,7.96,overcast clouds
118,Port Alfred,ZA,-33.5906,26.891,71.29,75,56,21.59,broken clouds
119,Ambanja,MG,-13.6833,48.45,80.69,67,64,2.37,broken clouds
120,Mahebourg,MU,-20.4081,57.7,76.24,78,40,3.44,scattered clouds
121,Rawson,AR,-43.3002,-65.1023,51.75,54,32,11.36,scattered clouds
122,Vanavara,RU,60.34,102.2797,24.01,57,100,6.85,overcast clouds
123,Kapaa,US,22.0752,-159.319,71.58,78,1,6.91,clear sky
124,Sorland,NO,67.667,12.6934,49.86,76,90,17.27,overcast clouds
125,Ulladulla,AU,-35.35,150.4667,54.5,90,17,4.68,few clouds
126,East London,ZA,-33.0153,27.9116,72.54,73,20,16.11,few clouds
127,Leningradskiy,RU,69.3833,178.4167,0.81,94,100,9.82,overcast clouds
128,Nur,PL,52.6683,22.3221,57.78,55,1,9.04,clear sky
129,Klaksvik,FO,62.2266,-6.589,43.72,72,100,11.83,overcast clouds
130,Namtsy,RU,62.7161,129.6658,12.31,95,100,9.8,light snow
131,Buchanan,LR,5.8808,-10.0467,82.85,74,42,8.48,light rain
132,French Harbor,HN,16.35,-86.4333,82.4,74,20,4.61,few clouds
133,Ixtapa,MX,20.7,-105.2,76.23,85,3,2.15,clear sky
134,Port Blair,IN,11.6667,92.75,81.34,80,95,4.79,overcast clouds
135,Mathbaria,BD,22.2876,89.9593,71.96,73,35,6.29,scattered clouds
136,Bitung,ID,1.4451,125.1824,76.05,77,100,4.09,overcast clouds
137,Ust-Ilimsk,RU,58.0006,102.6619,28.11,68,100,4.94,overcast clouds
138,Sembakung,ID,3.8167,117.25,80.53,97,100,1.43,light rain
139,Vestmannaeyjar,IS,63.4427,-20.2734,40.19,70,0,28.77,clear sky
140,Ponta Do Sol,PT,32.6667,-17.1,79.72,77,27,6.96,scattered clouds
141,La Ronge,CA,55.1001,-105.2842,28.65,80,90,9.22,overcast clouds
142,La Palma,US,33.8464,-118.0467,63.97,82,90,1.99,overcast clouds
143,Puerto Ayora,EC,-0.7393,-90.3518,69.76,80,89,9.13,overcast clouds
144,Khrebtovaya,RU,56.7032,104.2494,25.74,95,80,4.27,broken clouds
145,Carupano,VE,10.6678,-63.2585,83.43,65,96,6.64,overcast clouds
146,Tuatapere,NZ,-46.1333,167.6833,39.58,87,46,4.68,scattered clouds
147,Sur,OM,22.5667,59.5289,82.53,61,1,11.01,clear sky
148,Cabo San Lucas,MX,22.8909,-109.9124,73.94,75,7,6.71,clear sky
149,Uromi,NG,6.7,6.3333,87.87,50,13,2.21,few clouds
150,Kampong Thum,KH,12.7111,104.8887,76.64,90,46,3.74,scattered clouds
151,Mount Gambier,AU,-37.8333,140.7667,44.51,93,11,5.75,few clouds
152,San Julian,MX,21.0167,-102.1667,65.88,61,16,0.78,few clouds
153,Chimbote,PE,-9.0853,-78.5783,69.84,68,13,7.87,few clouds
154,Paamiut,GL,61.994,-49.6678,33.75,95,100,6.42,overcast clouds
155,Georgetown,MY,5.4112,100.3354,82.35,80,20,1.01,light rain
156,Aboso,GH,5.3617,-1.9473,93.56,41,82,2.93,broken clouds
157,Mananjary,MG,-21.2167,48.3333,75.72,82,77,11.48,broken clouds
158,Oranjestad,AW,12.524,-70.027,82.35,83,75,9.22,broken clouds
159,Quatre Cocos,MU,-20.2078,57.7625,76.08,73,73,7.78,broken clouds
160,Sola,VU,-13.8833,167.55,80.37,76,25,13.0,scattered clouds
161,Victoria,HK,22.2855,114.1577,77.32,78,97,1.99,light rain
162,Port Hardy,CA,50.6996,-127.4199,44.6,93,1,2.3,clear sky
163,Crystal Beach,CA,42.8699,-79.0583,51.69,94,100,1.01,overcast clouds
164,Longyearbyen,SJ,78.2186,15.6401,30.04,69,40,13.8,scattered clouds
165,Nikolskoye,RU,59.7035,30.7861,48.87,83,60,8.03,broken clouds
166,Kulhudhuffushi,MV,6.6221,73.07,80.67,82,100,7.92,overcast clouds
167,Chandbali,IN,20.7833,86.7667,75.43,73,31,3.91,scattered clouds
168,Kachiry,KZ,53.0675,76.1036,27.97,74,33,13.29,scattered clouds
169,Chuy,UY,-33.6971,-53.4616,72.99,72,99,6.93,overcast clouds
170,Rio Tercero,AR,-32.173,-64.1141,69.98,53,95,15.32,light rain
171,Moengo,SR,5.6167,-54.4,83.48,77,73,3.98,broken clouds
172,Camopi,GF,3.1655,-52.3158,90.93,48,53,4.68,broken clouds
173,Le Robert,MQ,14.6775,-60.9392,86.05,62,0,18.41,clear sky
174,Mattru,SL,7.6244,-11.8332,91.62,50,48,1.45,light rain
175,Antsohihy,MG,-14.8796,47.9875,82.31,52,21,8.19,few clouds
176,Qui Nhon,VN,13.7667,109.2333,77.11,89,79,5.59,broken clouds
177,Dalvik,IS,65.9702,-18.5286,33.73,99,100,14.05,moderate rain
178,Tarakan,ID,3.3,117.6333,80.1,89,40,4.61,heavy intensity drizzle
179,Port Lincoln,AU,-34.7333,135.8667,58.55,74,2,10.76,clear sky
180,Norman Wells,CA,65.282,-126.8329,14.04,85,40,3.44,scattered clouds
181,Bulgan,MN,48.8125,103.5347,31.6,59,93,3.11,overcast clouds
182,Hasaki,JP,35.7333,140.8333,57.6,90,100,8.34,overcast clouds
183,Adrar,MR,20.5022,-10.0711,94.44,11,29,8.93,scattered clouds
184,Mujiayingzi,CN,42.1167,118.7833,36.1,74,68,0.92,broken clouds
185,Brae,GB,60.3964,-1.353,49.91,85,100,14.16,overcast clouds
186,Zhigansk,RU,66.7697,123.3711,11.5,93,100,24.07,light snow
187,Farafangana,MG,-22.8167,47.8333,74.5,84,59,13.35,broken clouds
188,Pisco,PE,-13.7,-76.2167,64.45,82,90,4.61,mist
189,Tobermory,CA,45.2501,-81.6665,46.31,73,24,17.07,few clouds
190,Yellowknife,CA,62.456,-114.3525,27.41,100,90,2.3,overcast clouds
191,Awbari,LY,26.5921,12.7805,82.83,18,25,4.94,scattered clouds
192,Bathsheba,BB,13.2167,-59.5167,84.81,61,20,17.27,few clouds
193,Khatanga,RU,71.9667,102.5,4.14,96,100,7.2,overcast clouds
194,Taybad,IR,34.74,60.7756,55.04,31,4,15.48,clear sky
195,Sechura,PE,-5.5569,-80.8222,73.09,60,19,3.67,few clouds
196,Lukulu,ZM,-14.3707,23.242,84.25,36,94,7.56,overcast clouds
197,Dickinson,US,29.4608,-95.0513,71.55,79,1,1.99,clear sky
198,Saint George,US,37.1041,-113.5841,63.54,76,1,0.0,clear sky
199,Cabedelo,BR,-6.9811,-34.8339,88.47,61,15,13.69,few clouds
200,Kruisfontein,ZA,-34.0033,24.7314,75.94,52,92,15.23,overcast clouds
201,Inuvik,CA,68.3499,-133.7218,29.16,77,90,10.36,overcast clouds
202,Sloboda,RU,51.1421,40.3021,47.59,60,0,4.0,clear sky
203,Luganville,VU,-15.5333,167.1667,77.27,79,19,4.16,few clouds
204,Tiksi,RU,71.6872,128.8694,13.06,84,100,12.44,overcast clouds
205,Asau,RO,46.4333,26.4,53.4,70,0,3.06,clear sky
206,Bhainsdehi,IN,21.6467,77.6325,61.48,55,69,2.64,broken clouds
207,Shimoda,JP,34.6667,138.95,59.11,87,96,8.79,overcast clouds
208,Pula,HR,44.8683,13.8481,64.96,59,20,4.61,few clouds
209,Chokurdakh,RU,70.6333,147.9167,-10.84,100,100,6.24,overcast clouds
210,Wuda,CN,39.4994,106.7117,43.07,37,19,6.2,few clouds
211,Hami,CN,42.8,93.45,51.58,41,37,5.53,scattered clouds
212,Jaru,BR,-10.4389,-62.4664,99.9,32,37,3.85,scattered clouds
213,Motygino,RU,58.1831,94.7592,27.88,96,100,2.66,light snow
214,Codrington,AU,-38.2667,141.9667,44.65,92,8,3.83,clear sky
215,Bartica,GY,6.4,-58.6167,88.12,80,87,2.44,overcast clouds
216,Ketchikan,US,55.3422,-131.6461,30.67,93,1,0.0,mist
217,Faya,SA,18.3851,42.4509,71.71,44,46,9.78,scattered clouds
218,Fivizzano,IT,44.2383,10.126,65.95,78,100,3.09,overcast clouds
219,Alta Floresta,BR,-9.8756,-56.0861,91.22,58,20,4.61,few clouds
220,La Romana,DO,18.4273,-68.9728,86.36,74,20,11.5,few clouds
221,Pevek,RU,69.7008,170.3133,-0.6,97,100,4.76,overcast clouds
222,Kayes,ML,14.0,-11.0,97.77,25,15,4.81,few clouds
223,Srednekolymsk,RU,67.45,153.6833,-1.55,98,99,6.67,overcast clouds
224,Anadyr,RU,64.75,177.4833,0.1,84,75,20.0,broken clouds
225,Luanda,AO,-8.8368,13.2343,80.6,74,40,16.11,scattered clouds
226,Mount Isa,AU,-20.7333,139.5,82.17,20,40,2.3,light rain
227,Semey,KZ,50.4111,80.2275,37.62,87,40,22.37,scattered clouds
228,Arkhara,RU,49.4212,130.0842,25.79,40,0,4.83,clear sky
229,Valdivia,CL,-39.8142,-73.2459,62.69,30,100,5.26,overcast clouds
230,Didwana,IN,27.4,74.5667,74.93,21,0,0.76,clear sky
231,Vila Velha,BR,-20.3297,-40.2925,76.95,83,90,9.22,overcast clouds
232,Spencer,US,43.1414,-95.1444,38.71,78,1,8.05,clear sky
233,Bugiri,UG,0.5714,33.7417,78.51,55,73,2.93,broken clouds
234,Batouri,CM,4.4333,14.3667,82.89,63,90,3.49,overcast clouds
235,Lufilufi,WS,-13.8745,-171.5986,81.21,75,97,16.44,overcast clouds
236,Riorges,FR,46.0418,4.0497,71.47,63,57,13.47,broken clouds
237,Dabakala,CI,8.3667,-4.4333,94.5,36,47,5.48,scattered clouds
238,Ha Tinh,VN,18.3333,105.9,71.38,95,85,5.12,overcast clouds
239,Gijon,ES,43.5357,-5.6615,59.25,83,100,5.99,overcast clouds
240,Lagoa,PT,39.05,-27.9833,69.15,89,100,13.24,overcast clouds
241,Machala,EC,-3.2667,-79.9667,73.71,94,90,2.3,light intensity drizzle
242,Cockburn Town,TC,21.4612,-71.1419,82.4,69,10,12.53,clear sky
243,Sitka,US,57.0531,-135.33,37.29,87,40,0.0,scattered clouds
244,Bonthe,SL,7.5264,-12.505,84.56,67,52,9.98,light rain
245,Leshukonskoye,RU,64.8989,45.7622,32.83,97,100,5.68,overcast clouds
246,Luang Prabang,LA,19.8856,102.1347,71.26,99,95,0.49,overcast clouds
247,Alta,NO,69.9689,23.2717,29.19,81,75,12.66,broken clouds
248,Hambantota,LK,6.1241,81.1185,80.35,81,49,3.62,scattered clouds
249,Sisimiut,GL,66.9395,-53.6735,34.84,88,100,25.79,light rain
250,Listvyagi,RU,53.6772,86.951,34.74,96,100,14.7,light rain
251,Qaqortoq,GL,60.7167,-46.0333,27.1,68,53,4.18,broken clouds
252,Mitake,JP,35.4167,137.1333,58.03,84,0,3.65,clear sky
253,Mlonggo,ID,-6.5333,110.7,77.52,77,49,3.4,light rain
254,Nosy Varika,MG,-20.5833,48.5333,75.79,82,40,10.33,scattered clouds
255,Saint-Augustin,CA,51.226,-58.6502,48.27,48,95,3.87,overcast clouds
256,Port-Cartier,CA,50.0334,-66.8654,45.75,95,100,17.47,overcast clouds
257,Otaru,JP,43.1894,141.0022,50.02,83,72,7.49,broken clouds
258,Ferme-Neuve,CA,46.7001,-75.4493,46.18,98,100,2.46,overcast clouds
259,Morros,BR,-9.4467,-46.3003,92.93,35,72,3.96,light rain
260,Gushikawa,JP,26.3544,127.8686,72.63,84,1,4.61,clear sky
261,Leh,IN,34.1667,77.5833,28.51,53,100,1.74,overcast clouds
262,Qaanaaq,GL,77.484,-69.3632,8.96,65,100,9.73,overcast clouds
263,Richards Bay,ZA,-28.783,32.0377,70.86,72,0,6.6,clear sky
264,Hervey Bay,AU,-25.2986,152.8535,70.03,68,87,21.52,overcast clouds
265,Nuoro,IT,40.3211,9.3297,58.26,97,100,1.48,light rain
266,Severo-Yeniseyskiy,RU,60.3725,93.0408,18.14,87,100,3.44,overcast clouds
267,Mirnyy,RU,62.5353,113.9611,14.29,80,12,9.06,few clouds
268,Sinazongwe,ZM,-17.2614,27.4618,93.52,33,34,4.74,scattered clouds
269,Dakar,SN,14.6937,-17.4441,94.08,74,0,6.91,clear sky
270,Daru,PG,-9.0763,143.2092,80.31,86,100,12.5,overcast clouds
271,Deniliquin,AU,-35.5333,144.9667,52.0,47,100,4.52,overcast clouds
272,Alekseyevka,RU,50.6309,38.6903,48.09,49,0,3.74,clear sky
273,Hobyo,SO,5.3505,48.5268,81.41,71,11,14.25,few clouds
274,Matara,LK,5.9485,80.5353,77.76,90,51,6.4,broken clouds
275,Senador Jose Porfirio,BR,-2.5908,-51.9542,90.54,51,49,2.37,scattered clouds
276,Namibe,AO,-15.1961,12.1522,73.49,63,39,15.73,scattered clouds
277,Peterborough,GB,52.5736,-0.2478,58.98,74,40,21.85,scattered clouds
278,Nizhniy Tsasuchey,RU,50.5167,115.1333,27.64,49,78,8.19,broken clouds
279,Flinders,AU,-34.5833,150.8552,57.79,78,15,1.01,few clouds
280,Muli,MV,2.9167,73.5667,83.64,73,16,17.65,few clouds
281,Alice Springs,AU,-23.7,133.8833,58.55,94,17,9.22,few clouds
282,Zhanaozen,KZ,43.3,52.8,53.53,43,1,10.2,clear sky
283,Owando,CG,-0.4819,15.8999,82.15,76,100,2.57,light rain
284,Aswan,EG,24.0934,32.907,103.3,15,0,6.91,clear sky
285,Manbij,SY,36.5281,37.9549,66.97,49,100,4.43,overcast clouds
286,Kyotera,UG,-0.6156,31.5175,77.5,56,98,6.49,overcast clouds
287,Kopavogur,IS,64.1123,-21.913,37.85,65,20,26.46,few clouds
288,Caravelas,BR,-17.7125,-39.2481,80.87,68,77,8.46,broken clouds
289,Vostok,RU,46.4856,135.8833,28.69,94,84,0.43,broken clouds
290,Bilma,NE,18.6853,12.9164,95.49,12,2,9.35,clear sky
291,Fort Nelson,CA,58.8053,-122.7002,20.79,68,20,5.75,few clouds
292,Novyy Urengoy,RU,66.0833,76.6333,2.25,95,93,12.33,overcast clouds
293,Langsa,ID,4.4683,97.9683,73.85,97,87,2.53,light rain
294,Hranice,CZ,49.548,17.7347,60.89,56,13,8.32,few clouds
295,Yulara,AU,-25.2406,130.9889,67.84,73,1,8.05,clear sky
296,Guarapari,BR,-20.6667,-40.4975,76.89,84,100,10.96,overcast clouds
297,Whyalla,AU,-33.0333,137.5833,60.69,59,100,6.91,overcast clouds
298,Lompoc,US,34.6391,-120.4579,59.13,90,90,14.0,overcast clouds
299,Nanortalik,GL,60.1432,-45.2371,34.25,73,30,14.25,scattered clouds
300,Kahului,US,20.8947,-156.47,71.83,76,1,5.75,clear sky
301,Riyadh,SA,24.6877,46.7219,86.14,19,0,7.18,clear sky
302,Mazagao,BR,-0.115,-51.2894,93.25,58,36,5.37,scattered clouds
303,Ahipara,NZ,-35.1667,173.1667,55.74,80,95,11.03,overcast clouds
304,Maceio,BR,-9.6658,-35.7353,87.24,62,75,14.97,broken clouds
305,Kavaratti,IN,10.5669,72.642,82.78,75,100,4.76,overcast clouds
306,Rurrenabaque,BO,-14.4413,-67.5278,97.79,33,46,3.96,scattered clouds
307,Ramgarh,IN,23.6333,85.5167,73.45,62,1,4.56,clear sky
308,Zhireken,RU,52.8249,117.3076,24.06,48,70,2.95,broken clouds
309,Maryville,US,35.7565,-83.9705,56.12,93,90,3.0,overcast clouds
310,Kaspiyskiy,RU,45.3929,47.3707,51.78,86,62,14.27,broken clouds
311,Denpasar,ID,-8.65,115.2167,82.06,88,75,8.05,thunderstorm
312,Chengde,CN,40.9725,117.9361,44.49,67,86,1.79,overcast clouds
313,Lorengau,PG,-2.0226,147.2712,80.64,83,97,7.65,heavy intensity rain
314,Kalianget,ID,-7.05,113.9333,83.52,72,56,5.17,light rain
315,Fortuna,US,40.5982,-124.1573,55.42,75,75,1.99,broken clouds
316,Poum,NC,-20.2333,164.0167,74.64,68,0,15.28,clear sky
317,Poronaysk,RU,49.2167,143.1167,25.48,75,7,10.07,clear sky
318,Abu Samrah,SY,35.3029,37.1841,70.92,46,100,7.49,overcast clouds
319,Lima,PE,-12.0432,-77.0282,63.14,19,90,1.99,overcast clouds
320,Taloqan,AF,36.7361,69.5345,56.64,38,100,2.55,overcast clouds
321,Vila Franca Do Campo,PT,37.7167,-25.4333,75.2,89,100,15.43,overcast clouds
322,Lebu,CL,-37.6167,-73.65,60.26,72,100,6.67,overcast clouds
323,College,US,64.8569,-147.8028,47.86,42,75,10.36,broken clouds
324,Haines Junction,CA,60.7522,-137.5108,33.75,64,100,6.91,overcast clouds
325,Khasan,RU,42.4308,130.6434,50.95,58,96,6.24,overcast clouds
326,Makakilo City,US,21.3469,-158.0858,70.29,82,1,3.44,clear sky
327,Peabiru,BR,-23.9128,-52.3431,73.62,72,83,8.39,broken clouds
328,Manali,IN,13.1667,80.2667,80.69,86,100,9.04,moderate rain
329,Vesoul,FR,47.5833,5.8333,68.81,74,100,14.54,overcast clouds
330,Tikrit,IQ,34.6071,43.6782,80.2,31,91,1.61,overcast clouds
331,Aconibe,GQ,1.2968,10.9369,74.68,93,99,1.66,moderate rain
332,Mecca,SA,21.4267,39.8261,86.25,45,0,10.92,clear sky
333,Doha,QA,25.2867,51.5333,89.91,60,0,11.5,clear sky
334,Dingle,PH,10.9995,122.6711,75.94,86,91,7.29,overcast clouds
335,Olhao,PT,37.0286,-7.8411,71.49,94,75,13.8,broken clouds
336,Hurghada,EG,27.2574,33.8129,86.04,48,40,5.75,scattered clouds
337,Hofn,IS,64.2539,-15.2082,41.02,60,75,33.38,broken clouds
338,Rio Grande,BR,-32.035,-52.0986,78.94,76,67,14.47,broken clouds
339,Balgazyn,RU,51.0,95.2,34.16,51,58,3.69,broken clouds
340,Fare,PF,-16.7,-151.0167,77.95,72,83,15.48,light rain
341,Peddapuram,IN,17.0833,82.1333,82.49,89,62,5.55,broken clouds
342,Vao,NC,-22.6667,167.4833,70.74,65,25,9.73,scattered clouds
343,Houma,US,29.5958,-90.7195,64.99,88,0,3.49,clear sky
344,Bristol,US,41.8334,-71.1662,62.55,82,40,1.01,scattered clouds
345,Aksu,CN,41.1231,80.2644,48.74,40,10,4.32,clear sky
346,Lasa,IT,46.6166,10.7002,54.48,97,100,4.43,overcast clouds
347,San Ramon,US,37.7799,-121.978,56.71,89,90,1.01,overcast clouds
348,Beloha,MG,-25.1667,45.05,76.82,64,85,7.7,light rain
349,Crowley,US,30.2141,-92.3746,64.96,85,0,3.62,clear sky
350,Ust-Tsilma,RU,65.441,52.1498,20.21,96,95,4.79,overcast clouds
351,Severo-Kurilsk,RU,50.6789,156.125,36.12,66,99,22.5,light rain
352,Pareora,NZ,-44.4871,171.2132,50.18,78,100,0.56,overcast clouds
353,Portland,US,45.5234,-122.6762,50.59,65,29,2.73,scattered clouds
354,Adelanto,US,34.5828,-117.4092,60.03,65,37,6.11,scattered clouds
355,Laguna,US,38.421,-121.4238,55.9,93,1,3.44,clear sky
356,Springfield,US,37.2153,-93.2982,49.89,91,75,4.0,broken clouds
357,Gondar,ET,12.6,37.4667,64.98,48,61,8.03,broken clouds
358,Alamor,EC,-4.0181,-80.0197,58.24,55,38,4.63,scattered clouds
359,Panlaitan,PH,12.1191,119.8486,82.31,72,46,5.48,scattered clouds
360,Jardim De Piranhas,BR,-6.3786,-37.3519,95.38,29,11,9.35,few clouds
361,Husavik,IS,66.0449,-17.3389,33.71,99,100,25.55,light snow
362,Teguldet,RU,57.3064,88.1667,32.36,98,100,6.76,light snow
363,San Patricio,US,28.017,-97.5169,78.93,50,0,8.43,clear sky
364,Eydhafushi,MV,5.1033,73.0708,81.5,80,100,14.41,overcast clouds
365,Fort-Shevchenko,KZ,44.5086,50.263,54.86,68,54,6.91,broken clouds
366,Awjilah,LY,29.1081,21.2869,79.39,31,9,17.22,clear sky
367,Luderitz,NA,-26.6481,15.1594,65.71,69,40,12.06,scattered clouds
368,Agadir,MA,30.4202,-9.5982,84.65,36,2,10.74,clear sky
369,Vangaindrano,MG,-23.35,47.6,73.85,84,78,9.24,light rain
370,Lujiang,CN,31.2581,117.2817,60.85,53,100,3.69,overcast clouds
371,Atar,MR,20.5169,-13.0499,95.47,13,10,9.37,clear sky
372,Patancheru,IN,17.5314,78.265,77.86,72,76,6.96,broken clouds
373,San Cristobal,VE,7.7669,-72.225,66.38,58,96,2.55,overcast clouds
374,Santa Maria,BR,-29.6842,-53.8069,83.5,61,20,5.75,few clouds
375,Knysna,ZA,-34.0363,23.0471,79.18,54,96,6.58,overcast clouds
376,Ulety,RU,51.3572,112.4849,29.59,49,26,3.04,scattered clouds
377,Souillac,MU,-20.5167,57.5167,76.35,78,40,3.44,scattered clouds
378,Hamilton,US,39.1834,-84.5333,55.08,88,90,1.01,overcast clouds
379,Xacmaz,AZ,41.4635,48.806,55.35,86,96,4.56,overcast clouds
380,Hirara,JP,24.8,125.2833,76.39,64,99,14.5,overcast clouds
381,Mitsamiouli,KM,-11.3847,43.2844,88.09,55,20,4.61,few clouds
382,Ust-Kulom,RU,61.6864,53.6902,38.17,98,100,8.43,overcast clouds
383,Alekseyevskaya,RU,50.2896,42.1845,48.7,49,0,2.89,clear sky
384,Bria,CF,6.5423,21.9863,84.78,69,73,1.59,broken clouds
385,Margate,GB,51.3813,1.3862,60.91,71,67,7.0,broken clouds
386,Merauke,ID,-8.4667,140.3333,79.7,85,100,10.76,overcast clouds
387,Zuwarah,LY,32.9312,12.082,80.67,45,89,4.25,overcast clouds
388,Bambanglipuro,ID,-7.95,110.2833,77.5,90,88,2.01,light rain
389,Senneterre,CA,48.3835,-77.2328,44.82,94,100,3.11,overcast clouds
390,Singapore,SG,1.2897,103.8501,78.71,94,75,1.14,broken clouds
391,Porto Novo,BJ,6.4965,2.6036,87.62,67,100,9.86,light rain
392,Morgan City,US,29.6994,-91.2068,66.0,64,0,3.22,clear sky
393,Iqaluit,CA,63.7506,-68.5145,37.13,74,75,4.0,broken clouds
394,Deputatskiy,RU,69.3,139.9,-11.83,87,38,3.36,scattered clouds
395,Belyy Yar,RU,53.6039,91.3903,35.85,77,0,6.71,clear sky
396,Hunterville,NZ,-39.9333,175.5667,50.56,91,70,6.82,broken clouds
397,Zemio,CF,5.0314,25.1361,81.68,69,100,2.3,overcast clouds
398,Zhoukou,CN,33.6333,114.6333,59.99,65,92,6.78,overcast clouds
399,Show Low,US,34.2542,-110.0298,50.14,48,1,5.75,clear sky
400,Miramar,US,25.9873,-80.2323,81.01,66,1,0.0,clear sky
401,Geraldton,AU,-28.7667,114.6,64.13,72,40,14.97,scattered clouds
402,Chapais,CA,49.7834,-74.8492,42.58,96,100,5.95,overcast clouds
403,Moindou,NC,-21.6924,165.677,62.55,71,0,3.62,clear sky
404,Grenada,ES,37.1882,-3.6067,69.12,88,75,5.01,broken clouds
405,Barra Do Garcas,BR,-15.89,-52.2567,84.78,70,0,4.61,clear sky
406,Chipinge,ZW,-20.1883,32.6236,82.04,37,6,8.68,clear sky
407,Asuncion,PY,-25.3007,-57.6359,85.44,58,20,4.61,few clouds
408,San Andres,CO,12.5847,-81.7006,84.22,79,75,9.22,broken clouds
409,Salinopolis,BR,-0.6136,-47.3561,80.65,84,100,6.35,overcast clouds
410,Mikhaylovka,RU,50.06,43.2379,47.3,50,0,2.59,clear sky
411,Praia Da Vitoria,PT,38.7333,-27.0667,73.65,88,40,11.59,scattered clouds
412,Sanmenxia,CN,34.7747,111.1814,57.13,53,96,4.36,overcast clouds
413,Badiraguato,MX,25.3667,-107.5167,73.18,64,0,1.95,clear sky
414,Floro,NO,61.5996,5.0328,52.5,81,40,18.41,scattered clouds
415,Erenhot,CN,43.6475,111.9767,35.35,31,1,5.41,clear sky
416,Touros,BR,-5.1989,-35.4608,86.9,60,36,15.73,scattered clouds
417,San Juan,AR,-31.5375,-68.5364,60.21,68,100,14.18,overcast clouds
418,Auki,SB,-8.7676,160.7034,76.78,89,75,4.29,light rain
419,Kamaishi,JP,39.2667,141.8833,54.25,76,5,4.05,clear sky
420,Banyo,CM,6.75,11.8167,74.08,74,97,3.56,light rain
421,Saint Anthony,US,45.0205,-93.218,40.6,73,1,1.99,clear sky
422,Grindavik,IS,63.8424,-22.4338,37.87,75,40,19.57,scattered clouds
423,Tatarsk,RU,55.219,75.9828,22.51,88,71,10.56,broken clouds
424,Antofagasta,CL,-23.65,-70.4,72.21,57,0,8.86,clear sky
425,Talnakh,RU,69.4865,88.3972,0.66,97,100,6.98,overcast clouds
426,Mayo,US,38.8876,-76.5119,62.26,84,75,1.99,broken clouds
427,Burnie,AU,-41.0667,145.9167,50.92,79,22,8.81,few clouds
428,Idlib,SY,35.9306,36.6339,70.99,52,100,5.03,overcast clouds
429,Cururupu,BR,-1.8283,-44.8683,86.61,65,43,5.97,scattered clouds
430,Goure,NE,13.9835,10.2704,97.02,9,87,17.07,overcast clouds
431,Caucaia,BR,-3.7361,-38.6531,85.95,75,40,18.41,scattered clouds
432,Acajutla,SV,13.5928,-89.8275,84.54,50,84,1.79,broken clouds
433,Gorontalo,ID,0.5412,123.0595,75.29,93,95,2.89,overcast clouds
434,Ulagan,RU,50.6321,87.9563,33.48,61,100,5.17,light snow
435,Nanakuli,US,21.3906,-158.1547,71.71,88,1,3.44,clear sky
436,Khani,GE,41.9563,42.9566,56.77,77,44,6.78,scattered clouds
437,Sovetskiy,RU,61.3614,63.5842,20.32,94,100,7.49,light snow
438,Khilok,RU,51.3674,110.4676,29.61,63,47,3.87,scattered clouds
439,Angoche,MZ,-16.2325,39.9086,80.1,75,0,21.12,clear sky
440,Pedernales,DO,18.0384,-71.744,84.67,58,0,4.27,clear sky
441,Wanaka,NZ,-44.7,169.15,42.12,76,63,2.77,broken clouds
442,Korla,CN,41.7597,86.1469,51.26,41,100,6.58,overcast clouds
443,Bosaso,SO,11.2842,49.1816,82.38,74,0,10.36,clear sky
444,Komsomolskiy,UZ,40.4272,71.7189,51.22,62,100,6.91,overcast clouds
445,Angoram,PG,-4.0625,144.0661,74.97,98,100,1.12,overcast clouds
446,Omboue,GA,-1.5746,9.2618,76.59,89,100,6.04,light rain
447,Kurchum,KZ,48.5722,83.6542,40.91,72,100,19.57,overcast clouds
448,Wollongong,AU,-34.4333,150.8833,57.07,78,14,5.48,few clouds
449,Soe,ID,-9.8607,124.284,68.85,92,83,3.8,broken clouds
450,Padang,ID,-0.9492,100.3543,77.05,92,100,3.15,heavy intensity rain
451,Waingapu,ID,-9.6567,120.2641,81.45,82,99,5.39,overcast clouds
452,Lauria,IT,40.0465,15.8358,60.21,77,81,0.54,broken clouds
453,Wasilla,US,61.5814,-149.4394,42.85,87,20,8.99,light rain
454,Goya,AR,-29.14,-59.2626,94.96,31,26,4.72,scattered clouds
455,Teya,RU,60.3778,92.6267,21.13,91,100,2.62,overcast clouds
456,Camacha,PT,33.0833,-16.3333,75.52,73,20,10.36,few clouds
457,Iranshahr,IR,27.2025,60.6848,88.14,14,0,18.41,clear sky
458,Itarema,BR,-2.9248,-39.9167,87.26,60,79,15.77,broken clouds
459,Kavieng,PG,-2.5744,150.7967,83.28,77,99,16.08,light rain
460,Saint Stephen,GB,50.3333,-4.9,56.75,62,40,28.77,scattered clouds
461,Uusikaupunki,FI,60.8004,21.4084,50.52,91,100,12.64,overcast clouds
462,Buala,SB,-8.145,159.5921,79.88,82,100,6.49,light rain
463,Poya,NC,-21.35,165.15,69.4,78,0,3.2,clear sky
464,Usinsk,RU,65.9939,57.5281,8.17,87,97,10.58,overcast clouds
465,Urusha,RU,54.05,122.9,23.83,55,94,1.99,overcast clouds
466,Totskoye,RU,52.5248,52.7623,47.12,85,49,10.92,scattered clouds
467,Mezen,RU,65.8522,44.24,31.6,93,100,7.58,overcast clouds
468,Fairbanks,US,64.8378,-147.7164,46.36,42,1,12.66,clear sky
469,Port Moresby,PG,-9.4431,147.1797,76.42,94,20,4.61,few clouds
470,Tortoli,IT,39.9256,9.6572,64.98,77,75,0.0,moderate rain
471,Nemuro,JP,43.3236,145.575,50.67,81,91,10.54,overcast clouds
472,Pochutla,MX,15.7432,-96.4661,81.14,66,45,2.24,scattered clouds
473,Mount Darwin,ZW,-16.7725,31.5838,86.97,27,96,6.53,overcast clouds
474,Birsk,RU,55.4211,55.5428,44.15,92,97,11.79,overcast clouds
475,Andenes,NO,69.3143,16.1194,44.58,76,0,14.97,clear sky
476,Nchelenge,ZM,-9.3451,28.734,86.41,43,54,7.34,broken clouds
477,Kargopol,RU,61.5071,38.9456,39.36,96,100,4.45,overcast clouds
478,Dawson Creek,CA,55.7666,-120.2362,19.36,85,1,0.0,clear sky
479,Goundam,ML,16.4145,-3.6708,102.78,9,97,6.85,overcast clouds
480,Russell,US,32.3502,-85.1999,59.97,77,90,8.05,overcast clouds
481,Pimentel,PE,-6.8367,-79.9342,70.09,64,0,4.61,clear sky
482,Tura,IN,25.5198,90.2201,62.53,65,0,2.75,clear sky
483,Eureka,US,40.8021,-124.1637,55.63,96,100,4.43,overcast clouds
484,Kushima,JP,31.4583,131.2333,65.62,88,81,5.14,broken clouds
485,Xihe,CN,31.6864,113.4659,63.09,60,98,4.94,overcast clouds
486,Inhambane,MZ,-23.865,35.3833,77.0,73,75,5.01,light rain
487,Veraval,IN,20.9,70.3667,79.52,59,2,3.31,clear sky
488,Camocim,BR,-2.9022,-40.8411,87.22,60,61,12.82,broken clouds
489,Antakya,TR,36.2066,36.1572,75.02,56,100,4.07,overcast clouds
490,Kharitonovo,RU,61.4009,47.4978,40.3,94,100,5.79,overcast clouds
491,Kachug,RU,53.9606,105.8817,28.53,82,52,1.79,broken clouds
492,Fremont,US,37.5483,-121.9886,57.36,84,90,1.01,overcast clouds
493,Nador,MA,35.174,-2.9287,87.87,41,0,9.22,clear sky
494,Villarrobledo,ES,39.2699,-2.6012,66.69,76,95,27.47,overcast clouds
495,Lakes Entrance,AU,-37.8811,147.981,48.16,82,0,4.14,clear sky
496,Calvinia,ZA,-31.4707,19.776,77.09,32,85,15.95,overcast clouds
497,Tadine,NC,-21.55,167.8833,70.48,74,1,8.72,clear sky
498,Kanniyakumari,IN,8.0833,77.5667,80.69,80,100,5.93,overcast clouds
499,Jiangdu,CN,32.4286,119.5574,60.89,61,95,6.02,overcast clouds
500,Mucurapo,TT,10.6667,-61.5333,87.96,70,59,3.0,broken clouds
501,Skelleftea,SE,64.7507,20.9528,39.56,69,90,4.61,fog
502,Bhuban,IN,20.8833,85.8333,75.31,77,60,3.15,broken clouds
503,Bhatkal,IN,13.9667,74.5667,80.51,82,49,3.65,scattered clouds
504,Goderich,CA,43.7501,-81.7165,52.12,82,49,9.22,scattered clouds
505,Stromness,GB,58.965,-3.296,52.05,87,100,15.01,overcast clouds
506,Kosh-Agach,RU,50.0,88.6667,27.57,56,100,3.6,overcast clouds
507,La Paz,BO,-16.5,-68.15,57.18,50,75,5.75,broken clouds
508,Elko,US,41.0002,-115.5012,37.42,67,100,4.21,overcast clouds
509,Roma,US,43.2128,-75.4557,54.95,97,90,1.01,mist
510,Naron,ES,43.5167,-8.1528,61.59,82,100,11.41,overcast clouds
511,Constitucion,CL,-35.3333,-72.4167,62.4,69,100,6.33,overcast clouds
512,Saint-Ambroise,CA,48.5501,-71.3324,46.94,87,100,12.66,moderate rain
513,Stara Synyava,UA,49.6032,27.6191,47.66,49,0,8.68,clear sky
514,Akyab,MM,20.15,92.9,80.29,77,90,7.0,overcast clouds
515,Kasulu,TZ,-4.5767,30.1025,65.97,58,100,2.86,overcast clouds
516,Port Augusta,AU,-32.5,137.7667,62.71,24,99,4.7,overcast clouds
517,Yumen,CN,40.2833,97.2,44.67,34,100,10.27,overcast clouds
518,Moron,AR,-34.6534,-58.6198,66.02,79,100,7.0,overcast clouds
519,Upington,ZA,-28.4478,21.2561,89.98,13,1,2.3,clear sky
520,Wamba,NG,8.9333,8.6,88.57,46,99,4.41,overcast clouds
521,Beckley,US,37.7782,-81.1882,49.89,99,90,4.0,mist
522,Keti Bandar,PK,24.1447,67.4497,80.65,67,46,10.04,scattered clouds
523,Macherla,IN,16.4833,79.4333,78.48,75,63,2.77,broken clouds
524,Saint-Paul,RE,-21.0096,55.2707,75.31,88,5,1.01,clear sky
525,Viedma,AR,-40.8135,-62.9967,55.26,61,100,13.49,overcast clouds
526,Novaya Zaimka,RU,56.4857,66.9241,27.18,82,100,7.07,overcast clouds
527,Cayenne,GF,4.9333,-52.3333,89.64,72,82,5.01,broken clouds
528,Labuhan,ID,-6.8844,112.2051,81.57,77,80,0.22,broken clouds
529,Carbondale,US,37.7273,-89.2168,52.54,93,1,4.61,clear sky
530,Wattegama,LK,6.7989,81.4808,75.65,94,64,2.04,broken clouds
531,Half Moon Bay,US,37.4636,-122.4286,58.21,89,90,4.61,overcast clouds
532,Talcahuano,CL,-36.7167,-73.1167,56.88,82,75,5.75,broken clouds
533,Narsaq,GL,60.9167,-46.05,26.82,66,40,4.34,scattered clouds
534,Anloga,GH,5.7947,0.8973,89.82,75,99,12.12,overcast clouds
535,Beyneu,KZ,45.3167,55.2,53.37,56,0,5.59,clear sky
536,Kautokeino,NO,69.0125,23.0412,29.25,96,100,3.78,overcast clouds
537,Kralendijk,BQ,12.15,-68.2667,85.98,66,20,13.8,few clouds
538,Mazatlan,MX,23.2167,-106.4167,80.02,89,2,4.79,clear sky
539,Iquitos,PE,-3.7481,-73.2472,80.64,83,75,4.61,broken clouds
540,Marsabit,KE,2.3284,37.9899,79.9,33,84,17.81,broken clouds
541,Oistins,BB,13.0667,-59.5333,84.29,61,20,17.27,few clouds
542,Ballina,AU,-28.8667,153.5667,66.16,73,90,8.05,overcast clouds
543,Shizunai,JP,42.3339,142.3669,50.68,80,5,4.68,clear sky
544,Fayaoue,NC,-20.65,166.5333,75.65,63,0,8.72,clear sky
545,Tiznit,MA,29.5833,-9.5,81.19,22,3,11.23,clear sky
546,San Matias,BO,-16.3667,-58.4,93.49,43,58,5.82,broken clouds
547,Bud,US,39.447,-86.1758,53.22,94,8,10.58,clear sky
548,Esperance,AU,-33.8667,121.9,66.04,57,100,16.55,overcast clouds
549,Okha,RU,53.5739,142.9478,26.28,62,82,9.57,broken clouds
550,Ancud,CL,-41.8697,-73.8203,63.93,43,46,7.23,scattered clouds
551,Kalmunai,LK,7.4167,81.8167,80.31,84,76,7.52,broken clouds
552,Damghan,IR,36.1683,54.348,60.58,41,44,1.81,scattered clouds
553,Dunedin,NZ,-45.8742,170.5036,49.8,63,100,11.99,overcast clouds
554,Penzance,GB,50.1186,-5.5371,56.41,73,6,32.32,clear sky
555,Port Hedland,AU,-20.3167,118.5667,73.45,78,40,3.44,scattered clouds
556,Varna,BG,43.2167,27.9167,55.54,68,75,4.61,broken clouds
557,Wuan,CN,31.6836,112.0044,62.82,61,100,5.86,overcast clouds
558,Sokolo,ML,14.7328,-6.1219,102.43,12,74,12.3,broken clouds
559,Sterling,US,39.0062,-77.4286,61.7,92,75,3.0,broken clouds
560,Ocampo,MX,21.65,-101.5,61.25,39,21,1.32,few clouds
561,San Borja,BO,-14.8167,-66.85,99.09,30,41,5.5,scattered clouds
562,Kudahuvadhoo,MV,2.6708,72.8944,83.37,74,33,17.18,scattered clouds
563,Xining,CN,36.6167,101.7667,38.82,68,81,0.69,broken clouds
564,Los Llanos De Aridane,ES,28.6585,-17.9182,71.35,82,20,1.99,volcanic ash
565,Berlevag,NO,70.8578,29.0864,37.44,72,100,13.44,overcast clouds
566,Byron Bay,AU,-28.65,153.6167,66.09,60,99,9.51,overcast clouds
567,Saharsa,IN,25.8833,86.6,71.82,61,0,2.93,clear sky
568,Pitkyaranta,RU,61.5734,31.4792,42.98,95,100,7.76,overcast clouds
569,Igurubi,TZ,-4.0,33.7,85.21,34,58,16.31,broken clouds
570,Shenjiamen,CN,29.9576,122.298,65.91,65,100,7.99,overcast clouds
571,Tautira,PF,-17.7333,-149.15,71.62,78,93,17.4,overcast clouds
572,Guerrero Negro,MX,27.9769,-114.0611,64.74,83,100,6.24,overcast clouds
573,Ribeira Brava,PT,32.65,-17.0667,79.0,78,25,7.11,scattered clouds
574,Suruc,TR,36.9761,38.425,64.6,52,100,1.52,overcast clouds
575,Sheridan,US,44.8333,-106.9173,30.65,80,90,1.99,overcast clouds
576,Poddorye,RU,57.4695,31.1156,46.94,76,6,10.92,clear sky
577,Maningrida,AU,-12.0667,134.2667,80.71,76,67,3.36,broken clouds
578,Sumbe,AO,-11.2061,13.8437,79.36,74,23,8.39,few clouds
579,Perelyub,RU,51.8667,50.3667,47.39,80,19,8.97,few clouds
580,Yerbogachen,RU,61.2767,108.0108,18.41,72,97,6.82,overcast clouds
581,Ridgecrest,US,35.6225,-117.6709,63.01,47,1,4.0,clear sky
582,Vila,PT,42.0304,-8.1588,56.75,89,99,7.36,overcast clouds
583,Sherbakul,RU,54.6316,72.3963,24.48,73,100,8.21,overcast clouds
584,Havoysund,NO,70.9963,24.6622,34.68,79,89,15.88,overcast clouds
585,Sao Gabriel,BR,-30.3364,-54.32,82.44,59,0,7.81,clear sky
586,Bacolod,PH,10.6667,122.95,78.37,82,100,9.71,overcast clouds
587,Champerico,GT,14.3,-91.9167,86.36,73,51,1.57,broken clouds
588,Egvekinot,RU,66.3167,-179.1667,0.01,84,99,11.79,overcast clouds
589,Pitimbu,BR,-7.4706,-34.8086,88.39,62,59,11.7,broken clouds
590,Monte Alegre,BR,-2.0078,-54.0692,90.07,52,72,4.09,broken clouds
591,Luau,AO,-10.7073,22.2247,77.14,61,100,6.71,light rain
592,Kano,NG,12.0001,8.5167,94.89,16,0,12.66,clear sky
593,Batagay,RU,67.6333,134.6333,-4.5,90,100,5.97,overcast clouds
594,Sao Geraldo Do Araguaia,BR,-6.4006,-48.555,99.3,33,24,3.98,few clouds
595,Tongliao,CN,43.6125,122.2653,32.41,30,20,6.96,few clouds
596,Dongning,CN,44.0622,131.1207,38.5,62,82,0.85,broken clouds
597,Zyryanovsk,KZ,49.7386,84.2719,37.44,86,100,14.76,overcast clouds
598,Yatou,CN,37.15,122.3833,53.42,78,98,16.2,overcast clouds
599,Prainha,BR,-1.8,-53.48,91.9,48,79,4.5,broken clouds
600,Teahupoo,PF,-17.8333,-149.2667,66.16,78,95,17.47,light rain
601,Barraute,CA,48.4335,-77.6328,44.87,92,100,4.03,overcast clouds
602,Pinawa,CA,50.1489,-95.8811,35.02,82,83,10.25,broken clouds
603,Oussouye,SN,12.485,-16.5469,91.58,48,38,8.28,scattered clouds
604,Kutum,SD,14.2,24.6667,88.57,17,55,8.88,broken clouds
605,Carbonia,IT,39.1672,8.5222,67.15,91,100,3.18,overcast clouds
606,Ola,RU,59.5833,151.2833,12.4,55,10,13.38,clear sky
607,Buin,CL,-33.7333,-70.75,77.74,27,100,6.4,overcast clouds
608,Orange Cove,US,36.6244,-119.3137,61.84,79,32,0.45,scattered clouds
609,Berezovyy,RU,51.6667,135.7,23.65,76,1,1.66,clear sky
610,Biak,ID,-0.9131,122.8766,76.87,78,99,1.86,overcast clouds
611,Georgiyevka,KZ,43.0369,74.7114,42.84,75,0,2.24,clear sky
612,Sokoto,NG,13.0609,5.239,99.79,8,74,16.13,broken clouds
613,Tigil,RU,57.8,158.6667,20.59,95,100,15.12,light snow
614,Karratha,AU,-20.7377,116.8463,74.86,61,0,8.97,clear sky
615,Anito,PH,12.4497,125.2886,77.18,89,25,7.9,scattered clouds
616,Pangnirtung,CA,66.1451,-65.7125,30.2,93,90,4.61,light snow
617,Dancheng,CN,33.6333,115.1833,61.23,62,96,6.51,light rain
618,Mariental,NA,-24.6333,17.9667,93.25,3,0,12.66,clear sky
619,Saposoa,PE,-6.934,-76.7716,81.21,51,99,2.98,overcast clouds
620,Taonan,CN,45.3333,122.7833,30.45,31,22,7.31,few clouds
621,Puerto Baquerizo Moreno,EC,-0.9,-89.6,67.19,100,75,10.36,broken clouds
622,Phon Thong,TH,16.3016,103.9768,78.67,91,78,9.01,broken clouds
623,Puerto Quijarro,BO,-17.7833,-57.7667,98.78,34,22,5.44,few clouds
624,Ayia Galini,GR,35.1,24.6833,65.79,78,100,8.61,overcast clouds
625,Kargasok,RU,59.0556,80.8572,15.28,83,43,13.24,scattered clouds
626,Panama City,PA,8.9936,-79.5197,84.16,78,40,4.61,scattered clouds
627,La Asuncion,VE,11.0333,-63.8628,83.93,74,92,11.5,overcast clouds
628,Peace River,CA,56.2501,-117.286,21.65,87,1,0.0,clear sky
629,Malaut,IN,30.2167,74.4833,73.8,23,0,5.14,clear sky
630,Bluefields,NI,12.0137,-83.7635,78.87,78,75,6.91,broken clouds
631,Gamba,GA,-2.65,10.0,78.37,81,98,8.57,overcast clouds
632,Minab,IR,27.1467,57.0801,89.1,21,0,3.69,clear sky
633,Banda Aceh,ID,5.5577,95.3222,79.5,81,96,1.28,overcast clouds
634,Vershino-Darasunskiy,RU,52.35,115.5167,22.86,50,29,3.67,scattered clouds
635,Coquimbo,CL,-29.9533,-71.3436,56.93,88,90,5.75,overcast clouds
636,Worthing,GB,50.8145,-0.3713,59.09,71,20,18.99,few clouds
637,Forest Grove,US,45.5198,-123.1107,48.22,70,8,1.01,clear sky
638,Kontagora,NG,10.3999,5.4695,93.29,21,84,4.41,broken clouds
639,Bestobe,KZ,52.4994,73.0975,28.33,74,38,7.09,scattered clouds
640,Zarubino,RU,42.63,131.0922,47.84,56,88,13.62,overcast clouds
641,Andreapol,RU,56.6513,32.2664,44.44,77,3,10.49,clear sky
642,Dryden,CA,49.7833,-92.7503,30.49,93,90,4.61,overcast clouds
643,Muriti,TZ,-1.9833,32.9167,73.51,66,57,12.12,broken clouds
644,Wanning,CN,18.8003,110.3967,75.97,91,98,6.62,overcast clouds
645,Puerto Carreno,CO,6.189,-67.4859,79.66,79,100,4.12,overcast clouds
646,Axim,GH,4.8699,-2.2405,83.07,75,97,11.27,light rain
647,Tecalitlan,MX,19.4667,-103.3,66.56,87,35,1.77,scattered clouds
648,Autun,FR,46.95,4.3,70.5,71,100,8.39,overcast clouds
649,Ilhabela,BR,-23.7781,-45.3581,71.22,93,100,8.88,light rain
650,Puerto El Triunfo,SV,13.2833,-88.55,82.56,66,81,2.13,broken clouds
651,Mackay,AU,-21.15,149.2,78.78,78,40,17.27,scattered clouds
652,Salalah,OM,17.0151,54.0924,80.06,60,1,2.06,clear sky
653,Mabaruma,GY,8.2,-59.7833,86.49,59,98,5.03,overcast clouds
654,Ucluelet,CA,48.9329,-125.5528,43.11,79,0,8.93,clear sky
655,Maneadero,MX,31.7167,-116.5667,58.1,85,9,4.0,clear sky
656,Kumi,KR,36.1136,128.336,51.35,67,74,1.28,broken clouds
657,Sabang,ID,5.8933,95.3214,81.19,76,92,1.12,overcast clouds
658,Manono,CD,-7.3,27.4167,84.49,54,98,0.76,overcast clouds
659,Noumea,NC,-22.2763,166.4572,62.58,75,4,2.51,clear sky
660,Bubaque,GW,11.2833,-15.8333,82.27,73,82,6.38,broken clouds
661,San Vicente,AR,-26.6167,-54.1333,76.3,65,32,2.89,scattered clouds
662,Hermosillo,MX,29.0667,-110.9667,71.85,45,100,4.05,overcast clouds
663,Tambopata,PE,-12.7333,-69.1833,91.29,49,0,6.91,clear sky
664,Nuuk,GL,64.1835,-51.7216,37.11,91,49,22.84,scattered clouds
665,Lata,PT,40.1629,-8.3327,68.92,97,100,10.45,overcast clouds
666,Hay River,CA,60.8156,-115.7999,21.18,86,1,5.75,clear sky
667,Los Andes,CL,-32.8337,-70.5983,73.58,34,100,6.98,overcast clouds
668,Neyyattinkara,IN,8.4,77.0833,80.46,88,100,2.42,overcast clouds
669,Mgandu,TZ,-5.95,34.1333,81.61,36,18,4.7,few clouds
670,Zalantun,CN,48.0,122.7167,29.53,30,0,2.42,clear sky
671,Lazaro Cardenas,MX,17.9583,-102.2,79.54,78,88,3.78,overcast clouds
672,Sungaipenuh,ID,-2.0833,101.3833,66.33,97,100,1.92,very heavy rain
